time,1167,1100,1033,1300,967,1230,900,833
0.0001,-0.1452,-0.13197,-0.10566,-0.18678,-0.09144,-0.17944,-0.07609,-0.06418
0.000102,-0.15168,-0.12689,-0.11026,-0.1787,-0.0941,-0.18207,-0.07565,-0.07062
0.000104,-0.15168,-0.13149,-0.11026,-0.17409,-0.0941,-0.18207,-0.08025,-0.06141
0.000107,-0.15168,-0.13149,-0.10566,-0.1787,-0.0941,-0.18667,-0.08025,-0.04761
0.000109,-0.15168,-0.13609,-0.11487,-0.16949,-0.0941,-0.18667,-0.08485,-0.06602
0.000112,-0.15628,-0.13149,-0.11487,-0.16949,-0.0987,-0.19128,-0.08485,-0.11664
0.000115,-0.15628,-0.13609,-0.11487,-0.16489,-0.0941,-0.18667,-0.08025,-0.07062
0.000117,-0.16088,-0.13609,-0.11487,-0.16029,-0.0941,-0.19128,-0.08945,-0.07062
0.00012,-0.17009,-0.14069,-0.11487,-0.15108,-0.1033,-0.19588,-0.08485,-0.06602
0.00012,-0.15442,-0.13965,-0.11487,-0.17832,-0.09605,-0.19096,-0.07994,-0.06649
0.000123,-0.16548,-0.13609,-0.11026,-0.16029,-0.02046,-0.19128,-0.08025,-0.07062
0.000126,-0.16088,-0.1453,-0.11947,-0.16029,-0.0987,-0.20048,-0.08025,-0.07062
0.000129,-0.16088,-0.14069,-0.11026,-0.15108,-0.0987,-0.19588,-0.07565,-0.07062
0.000132,-0.16548,-0.14069,-0.11947,-0.15108,-0.0987,-0.20048,-0.08945,-0.07062
0.000135,-0.16548,-0.14069,-0.11487,-0.14188,-0.0987,-0.19128,-0.08485,-0.06602
0.000138,-0.17009,-0.14069,-0.11947,-0.14188,-0.0895,-0.19588,-0.08485,-0.07522
0.00014,-0.16441,-0.14503,-0.11487,-0.16372,-0.10066,-0.19711,-0.08455,-0.06956
0.000141,-0.17009,-0.14069,-0.11947,-0.13728,-0.0987,-0.19588,-0.08485,-0.07062
0.000144,-0.16548,-0.14069,-0.11487,-0.13268,-0.0987,-0.20048,-0.08485,-0.07062
0.000148,-0.16548,-0.1453,-0.11026,-0.12347,-0.1033,-0.19588,-0.08945,-0.05221
0.000151,-0.16088,-0.14069,-0.11487,-0.12347,-0.0987,-0.20048,-0.08945,-0.07062
0.000155,-0.16548,-0.14069,-0.11947,-0.11427,-0.0941,-0.19128,-0.08485,-0.06602
0.000158,-0.16548,-0.14069,-0.11487,-0.10966,-0.14012,-0.19588,-0.08945,-0.07062
0.00016,-0.16826,-0.1458,-0.12867,-0.13912,-0.10297,-0.19096,-0.08609,-0.06802
0.000162,-0.16088,-0.14069,-0.11947,-0.10046,-0.0987,-0.18667,-0.08485,-0.07062
0.000166,-0.16088,-0.13609,-0.12867,-0.10046,-0.0941,-0.18667,-0.08025,-0.06602
0.000169,-0.16548,-0.1453,-0.12407,-0.09126,-0.0987,-0.18667,-0.08025,-0.07062
0.000173,-0.16548,-0.14069,-0.12407,-0.08205,-0.1033,-0.18207,-0.08485,-0.07062
0.000177,-0.17469,-0.1453,-0.12407,-0.07745,-0.0987,-0.18207,-0.08485,-0.07062
0.00018,-0.16826,-0.14657,-0.12867,-0.10376,-0.10143,-0.18174,-0.08455,-0.06802
0.000182,-0.17009,-0.14069,-0.12867,-0.06825,-0.1033,-0.17747,-0.08945,-0.07062
0.000186,-0.16548,-0.1499,-0.12407,-0.06364,-0.1033,-0.18207,-0.08945,-0.07062
0.00019,-0.17929,-0.1499,-0.12407,-0.05904,-0.1033,-0.17747,-0.08945,-0.07062
0.000195,-0.17929,-0.1499,-0.12867,-0.05444,-0.1033,-0.18667,-0.08485,-0.07522
0.000199,-0.17929,-0.1499,-0.12867,-0.04984,-0.1079,-0.18667,-0.09406,-0.07522
0.0002,-0.17364,-0.15272,-0.13327,-0.06918,-0.10374,-0.18174,-0.08609,-0.07264
0.000204,-0.17929,-0.1545,-0.13327,-0.04523,-0.1079,-0.18667,-0.08945,-0.07982
0.000208,-0.18389,-0.1545,-0.12867,-0.04063,-0.1079,-0.18207,-0.09866,-0.07522
0.000213,-0.18389,-0.1545,-0.12867,-0.03143,-0.1033,-0.18207,-0.08945,-0.07522
0.000218,-0.17929,-0.1591,-0.12407,-0.02683,-0.13091,-0.18207,-0.08945,-0.07062
0.00022,-0.18363,-0.1581,-0.12867,-0.04689,-0.10989,-0.1802,-0.08993,-0.07187
0.000223,-0.17929,-0.1591,-0.12867,-0.02683,-0.11251,-0.18207,-0.09406,-0.07062
0.000229,-0.18389,-0.1545,-0.12407,-0.01762,-0.1079,-0.17747,-0.09406,-0.07062
0.000234,-0.1885,-0.1499,-0.12867,-0.01302,-0.1079,-0.17747,-0.05724,-0.07522
0.000239,-0.18389,-0.1591,-0.13327,-0.01302,-0.1079,-0.17747,-0.09406,-0.08442
0.00024,-0.1867,-0.16041,-0.13788,-0.02767,-0.10989,-0.17482,-0.093,-0.07417
0.000245,-0.1885,-0.1545,-0.12867,-0.00842,-0.1079,-0.17287,-0.09406,-0.07062
0.000251,-0.18389,-0.17291,-0.12867,-0.00382,-0.11251,-0.08083,-0.08945,-0.07522
0.000256,-0.1931,-0.1591,-0.13327,-0.00382,-0.1079,-0.16827,-0.09406,-0.07522
0.00026,-0.18901,-0.16425,-0.12867,-0.01153,-0.11142,-0.16867,-0.09377,-0.07648
0.000262,-0.1885,-0.1591,-0.12867,0.000787,-0.11251,-0.16366,-0.09406,-0.07522
0.000269,-0.1931,-0.1591,-0.13327,0.00539,-0.11251,-0.16366,-0.08945,-0.07522
0.000275,-0.18389,-0.1591,-0.13327,0.0,-0.11251,-0.16366,-0.09406,-0.07062
0.00028,-0.19131,-0.16425,-0.13788,-0.000769,-0.1145,-0.15791,-0.09223,-0.07494
0.000281,-0.1885,-0.1591,-0.13788,0.00539,-0.1079,-0.15906,-0.09406,-0.07982
0.000288,-0.18389,-0.1591,-0.13327,0.00999,-0.12171,-0.14986,-0.09406,-0.06602
0.000294,-0.18389,-0.1591,-0.13788,0.00999,-0.1079,-0.14986,-0.09406,-0.07062
0.0003,-0.18824,-0.16194,-0.13788,0.00845,-0.11142,-0.14638,-0.09454,-0.07494
0.000301,-0.18389,-0.1591,-0.13788,0.01459,-0.1033,-0.14526,-0.09406,-0.07522
0.000308,-0.18389,-0.1591,-0.15168,0.01459,-0.1079,-0.14526,-0.09406,-0.07522
0.000315,-0.1885,-0.18211,-0.14248,0.0238,-0.1079,-0.13145,-0.09406,-0.07522
0.00032,-0.1867,-0.16348,-0.13788,0.01845,-0.11142,-0.13562,-0.09147,-0.07494
0.000323,-0.18389,-0.1591,-0.13327,0.0192,-0.15393,-0.13145,-0.09406,-0.07982
0.00033,-0.18389,-0.07626,-0.00143,0.0192,-0.1079,-0.11304,-0.09866,-0.07522
0.000338,-0.1885,-0.16371,-0.03755,0.0192,-0.07569,-0.13145,-0.09866,-0.07522
0.00034,-0.18824,-0.16732,-0.0806,0.02383,-0.11373,-0.12947,-0.093,-0.07571
0.000346,-0.18389,-0.16831,-0.09674,0.0192,-0.1079,-0.12685,-0.09866,-0.08442
0.000354,-0.1885,-0.16831,-0.10519,0.0192,-0.11251,-0.12224,-0.11707,-0.07982
0.00036,-0.18978,-0.1704,-0.11134,0.02383,-0.1168,-0.12179,-0.09531,-0.07725
0.000362,-0.1885,-0.16831,-0.11826,0.0192,-0.11251,-0.12224,-0.09866,-0.07522
0.000371,-0.18389,-0.13609,-0.12133,0.0192,-0.11711,-0.15446,-0.09866,-0.07982
0.000379,-0.1885,-0.16831,-0.11903,0.0192,-0.11711,-0.11764,-0.09866,-0.07522
0.00038,-0.19055,-0.1727,-0.12056,0.02383,-0.11757,-0.1141,-0.09531,-0.07802
0.000388,-0.1931,-0.17291,-0.12902,0.0192,-0.11711,-0.11304,-0.10326,-0.07982
0.000397,-0.1885,-0.17291,-0.13132,0.0192,-0.11711,-0.11304,-0.10786,-0.07982
0.0004,-0.19208,-0.17655,-0.13286,0.02229,-0.11911,-0.10795,-0.09915,-0.07955
0.000406,-0.1931,-0.17291,-0.1344,0.0192,-0.11711,-0.10384,-0.10326,-0.08442
0.000416,-0.18389,-0.16831,-0.13517,0.01459,-0.11251,-0.10384,-0.09406,-0.07982
0.00042,-0.19131,-0.17655,-0.13286,0.02152,-0.12065,-0.09796,-0.10069,-0.07955
0.000426,-0.1885,-0.16831,-0.13517,0.0238,-0.11251,-0.09463,-0.10326,-0.07522
0.000435,-0.18389,-0.19132,-0.13747,0.0284,-0.11711,-0.09463,-0.09866,-0.07982
0.00044,-0.18747,-0.17501,-0.13978,0.02383,-0.11911,-0.08643,-0.09992,-0.07802
0.000446,-0.17469,-0.16831,-0.14285,0.0284,-0.11711,-0.08543,-0.09866,-0.07982
0.000456,-0.17929,-0.16831,-0.14439,0.033,-0.1079,-0.08083,-0.09866,-0.07062
0.00046,-0.18363,-0.17501,-0.14362,0.02767,-0.11834,-0.07413,-0.09762,-0.07802
0.000467,-0.17929,-0.16831,-0.14208,0.033,-0.11711,-0.06702,-0.09866,-0.08442
0.00048,-0.18132,-0.17655,-0.14285,0.03074,-0.11757,-0.06414,-0.09838,-0.07879
0.0005,-0.18055,-0.17732,-0.14285,0.03228,-0.11988,-0.05415,-0.09838,-0.07955
0.00052,-0.18055,-0.18039,-0.14593,0.03228,-0.12219,-0.04723,-0.10069,-0.08109
0.00054,-0.18209,-0.18347,-0.1467,0.02998,-0.12295,-0.04108,-0.10069,-0.08109
0.00056,-0.17825,-0.1827,-0.14823,0.02921,-0.12372,-0.03109,-0.10146,-0.08032
0.00058,-0.17517,-0.1827,-0.14823,0.03074,-0.12219,-0.02264,-0.103,-0.08109
0.0006,-0.17287,-0.18347,-0.14823,0.03151,-0.12372,-0.01495,-0.10146,-0.08109
0.00062,-0.17133,-0.18423,-0.15054,0.03151,-0.12449,-0.0088,-0.10223,-0.08186
0.00064,-0.16826,-0.185,-0.14977,0.03305,-0.12449,-0.00265,-0.10223,-0.08186
0.00066,-0.16595,-0.185,-0.14977,0.03382,-0.12449,0.00273,-0.10146,-0.08109
0.00068,-0.16364,-0.18654,-0.15054,0.03305,-0.12372,0.00503,-0.103,-0.08186
0.0007,-0.16057,-0.185,-0.14977,0.03459,-0.12603,0.00811,-0.10376,-0.08109
0.00072,-0.1575,-0.18423,-0.14977,0.03536,-0.12449,0.01195,-0.103,-0.08109
0.00074,-0.15596,-0.185,-0.14977,0.03843,-0.12449,0.01349,-0.103,-0.08109
0.00076,-0.15365,-0.18654,-0.15131,0.03613,-0.12526,0.01503,-0.10376,-0.08263
0.00078,-0.15135,-0.18808,-0.15285,0.03536,-0.12526,0.01426,-0.10376,-0.0834
0.0008,-0.15058,-0.18808,-0.15438,0.03305,-0.12833,0.01426,-0.10453,-0.0834
0.00082,-0.14981,-0.18885,-0.15361,0.03305,-0.12757,0.01656,-0.1053,-0.0834
0.00084,-0.14597,-0.18808,-0.15438,0.03305,-0.1268,0.01733,-0.10607,-0.0834
0.00086,-0.14366,-0.18885,-0.15438,0.03459,-0.12833,0.01733,-0.1053,-0.08263
0.00088,-0.14059,-0.18808,-0.15592,0.03305,-0.1291,0.01887,-0.10607,-0.0834
0.0009,-0.13828,-0.18808,-0.15746,0.03305,-0.12987,0.01887,-0.10684,-0.0834
0.00092,-0.13597,-0.18885,-0.15669,0.03382,-0.1291,0.01964,-0.10607,-0.08417
0.00094,-0.13367,-0.19038,-0.15746,0.03305,-0.13064,0.0181,-0.10761,-0.08493
0.00096,-0.1329,-0.19192,-0.15746,0.03228,-0.13141,0.01656,-0.10838,-0.08493
0.001,-0.12982,-0.19115,-0.16053,0.03074,-0.13295,0.01656,-0.10991,-0.08647
0.00102,-0.12752,-0.19038,-0.16053,0.03074,-0.13218,0.01656,-0.10838,-0.08724
0.00104,-0.12598,-0.19115,-0.1613,0.03305,-0.13371,0.0181,-0.10914,-0.08647
0.00106,-0.12368,-0.19115,-0.16207,0.03305,-0.13371,0.01656,-0.10914,-0.08724
0.00108,-0.12137,-0.19038,-0.16284,0.03382,-0.13448,0.01733,-0.10991,-0.0857
0.00112,-0.11753,-0.19115,-0.16361,0.03459,-0.13525,0.01656,-0.11068,-0.08724
0.00114,-0.11445,-0.19115,-0.16361,0.03536,-0.13602,0.01579,-0.11068,-0.08724
0.00116,-0.11368,-0.19115,-0.16591,0.03382,-0.13679,0.01503,-0.11145,-0.08878
0.0012,-0.10907,-0.19192,-0.16668,0.03305,-0.13756,0.01426,-0.11376,-0.08955
0.00122,-0.10677,-0.19192,-0.16745,0.03305,-0.13756,0.01579,-0.11299,-0.08955
0.00126,-0.10369,-0.19115,-0.16899,0.03459,-0.13833,0.01579,-0.11529,-0.08955
0.00128,-0.10062,-0.19115,-0.16975,0.03305,-0.13986,0.01579,-0.11376,-0.08955
0.00132,-0.09447,-0.18961,-0.16975,0.03613,-0.1391,0.01733,-0.11453,-0.08955
0.00134,-0.09216,-0.18961,-0.17052,0.03766,-0.14063,0.01733,-0.11453,-0.08955
0.00138,-0.08755,-0.19038,-0.17206,0.03766,-0.14217,0.0181,-0.11529,-0.09031
0.0014,-0.08601,-0.19115,-0.17206,0.03689,-0.1414,0.01656,-0.11606,-0.09031
0.00144,-0.08063,-0.18961,-0.17283,0.03613,-0.1414,0.01887,-0.11683,-0.09185
0.00148,-0.07372,-0.18885,-0.17437,0.03689,-0.14294,0.01964,-0.1176,-0.09185
0.0015,-0.07141,-0.18885,-0.1736,0.03766,-0.14294,0.02118,-0.11837,-0.09108
0.00154,-0.06757,-0.18808,-0.1759,0.03689,-0.14448,0.02041,-0.11837,-0.09185
0.00158,-0.06219,-0.18808,-0.1759,0.03843,-0.14448,0.02194,-0.11914,-0.09185
0.00162,-0.05527,-0.18577,-0.17514,0.04074,-0.14448,0.02348,-0.1176,-0.09262
0.00166,-0.04989,-0.185,-0.1759,0.04227,-0.14448,0.02579,-0.1176,-0.09262
0.0017,-0.04374,-0.18347,-0.17744,0.04151,-0.14448,0.02656,-0.11914,-0.09185
0.00174,-0.03759,-0.18116,-0.17667,0.04227,-0.14448,0.02963,-0.11914,-0.09185
0.00178,-0.03375,-0.17962,-0.1759,0.04304,-0.14371,0.02963,-0.1176,-0.09262
0.00182,-0.02837,-0.17885,-0.17667,0.04227,-0.14448,0.0304,-0.11837,-0.09262
0.00186,-0.02299,-0.17501,-0.1759,0.04227,-0.14524,0.0327,-0.11837,-0.09262
0.0019,-0.01761,-0.17578,-0.17667,0.04151,-0.14448,0.03117,-0.11837,-0.09108
0.00194,-0.01453,-0.17578,-0.17744,0.04074,-0.14448,0.03117,-0.12067,-0.09185
0.00198,-0.01146,-0.1727,-0.17898,0.04227,-0.14601,0.03347,-0.11837,-0.09185
0.00204,-0.00685,-0.17117,-0.17744,0.04074,-0.14524,0.03117,-0.11914,-0.09262
0.00208,-0.00377,-0.17117,-0.17898,0.04074,-0.14678,0.03194,-0.11991,-0.09185
0.00214,-0.000696,-0.16963,-0.17975,0.04074,-0.14678,0.03194,-0.11991,-0.09262
0.00218,0.000841,-0.16656,-0.17975,0.04074,-0.14755,0.0304,-0.11991,-0.09262
0.00224,0.00392,-0.16656,-0.18052,0.03997,-0.14755,0.02963,-0.12067,-0.09416
0.00228,0.00468,-0.16502,-0.18052,0.0392,-0.14755,0.02963,-0.11991,-0.09339
0.00234,0.00622,-0.16348,-0.18205,0.04151,-0.14755,0.0304,-0.12067,-0.09339
0.0024,0.00776,-0.16118,-0.18205,0.04227,-0.14909,0.0304,-0.12221,-0.09339
0.00246,0.0093,-0.15964,-0.18205,0.04151,-0.14909,0.02886,-0.12221,-0.09416
0.0025,0.01006,-0.15887,-0.18282,0.04151,-0.14986,0.02963,-0.12221,-0.09416
0.00256,0.01006,-0.15887,-0.18359,0.04151,-0.14986,0.02963,-0.12221,-0.09493
0.00262,0.01083,-0.15733,-0.18359,0.04151,-0.15139,0.02886,-0.12298,-0.09416
0.00268,0.01237,-0.15503,-0.18436,0.04151,-0.15139,0.02886,-0.12298,-0.09493
0.00276,0.01391,-0.15272,-0.18436,0.04151,-0.15216,0.02963,-0.12298,-0.09493
0.00282,0.01391,-0.15041,-0.18513,0.04304,-0.15293,0.0304,-0.12375,-0.09646
0.00288,0.01468,-0.14965,-0.18513,0.04151,-0.15293,0.03117,-0.12298,-0.0957
0.00294,0.01468,-0.14734,-0.18436,0.04227,-0.1537,0.0304,-0.12452,-0.09646
0.00302,0.01468,-0.14657,-0.1859,0.04227,-0.15447,0.02963,-0.12605,-0.09723
0.00308,0.01544,-0.14503,-0.1859,0.04151,-0.15447,0.02963,-0.12605,-0.09723
0.00316,0.01544,-0.14273,-0.18743,0.04074,-0.15524,0.02886,-0.12682,-0.09723
0.00324,0.01468,-0.13965,-0.18743,0.04151,-0.15677,0.02886,-0.12682,-0.09877
0.0033,0.01391,-0.13889,-0.1882,0.04074,-0.15677,0.02963,-0.12682,-0.09877
0.00338,0.01621,-0.13658,-0.1882,0.04227,-0.15677,0.02963,-0.12836,-0.09877
0.00346,0.01544,-0.13274,-0.18974,0.04304,-0.15831,0.02963,-0.12759,-0.09954
0.00354,0.01621,-0.12966,-0.18743,0.04535,-0.15831,0.03117,-0.12759,-0.09877
0.00362,0.01698,-0.12659,-0.18897,0.04304,-0.15754,0.0327,-0.12759,-0.09954
0.00372,0.01698,-0.12274,-0.18743,0.04458,-0.15754,0.03424,-0.12682,-0.098
0.0038,0.01929,-0.11967,-0.18743,0.04458,-0.15831,0.03578,-0.12759,-0.09877
0.00388,0.02006,-0.11506,-0.1859,0.04458,-0.15677,0.03578,-0.12759,-0.098
0.00398,0.02159,-0.11121,-0.18513,0.04458,-0.15831,0.03578,-0.12759,-0.09877
0.00408,0.02313,-0.10891,-0.1859,0.04381,-0.15754,0.03501,-0.12759,-0.09723
0.00416,0.02236,-0.1066,-0.18436,0.04304,-0.15831,0.03501,-0.12759,-0.098
0.00426,0.02236,-0.10199,-0.1859,0.04074,-0.15908,0.03347,-0.1299,-0.09954
0.00436,0.02159,-0.09969,-0.18666,0.04227,-0.16062,0.0327,-0.1299,-0.09954
0.00446,0.02159,-0.09661,-0.1859,0.04151,-0.15985,0.0327,-0.1299,-0.09954
0.00458,0.02159,-0.09123,-0.1859,0.04304,-0.16215,0.03117,-0.13067,-0.10108
0.00468,0.02159,-0.08892,-0.1859,0.04381,-0.16292,0.03194,-0.13144,-0.10108
0.00478,0.02159,-0.08508,-0.1859,0.04304,-0.16369,0.0327,-0.1322,-0.10108
0.0049,0.02006,-0.0797,-0.1859,0.04304,-0.16446,0.0327,-0.13144,-0.10108
0.00502,0.02083,-0.07509,-0.1859,0.04458,-0.16446,0.03347,-0.13297,-0.10184
0.00514,0.02159,-0.07048,-0.18436,0.04535,-0.16446,0.03347,-0.1322,-0.10261
0.00526,0.02236,-0.06663,-0.18436,0.04381,-0.16369,0.03347,-0.1322,-0.10108
0.00538,0.02159,-0.06202,-0.18359,0.04381,-0.16446,0.03424,-0.13297,-0.10184
0.0055,0.02236,-0.05664,-0.18128,0.04458,-0.16523,0.03424,-0.13297,-0.10338
0.00562,0.02236,-0.0528,-0.18205,0.04612,-0.166,0.03501,-0.13451,-0.10261
0.00576,0.02236,-0.04819,-0.18205,0.04535,-0.166,0.03424,-0.13374,-0.10261
0.0059,0.02313,-0.04204,-0.17975,0.04612,-0.166,0.03501,-0.13297,-0.10184
0.00602,0.0239,-0.03666,-0.17898,0.04535,-0.16677,0.03424,-0.13374,-0.10338
0.00618,0.02467,-0.03282,-0.17821,0.04458,-0.16677,0.03424,-0.13451,-0.10261
0.00632,0.02467,-0.02974,-0.17821,0.04458,-0.16753,0.03347,-0.13605,-0.10338
0.00646,0.02313,-0.0259,-0.17821,0.04458,-0.16907,0.03194,-0.13528,-0.10338
0.00662,0.02236,-0.02129,-0.17821,0.04535,-0.16984,0.03347,-0.13605,-0.10569
0.00676,0.02313,-0.01898,-0.17744,0.04765,-0.17061,0.03347,-0.13605,-0.10415
0.00692,0.0239,-0.01437,-0.1759,0.04535,-0.16984,0.03578,-0.13605,-0.10492
0.00708,0.02544,-0.01206,-0.17514,0.04689,-0.17138,0.03578,-0.13835,-0.10261
0.00726,0.02544,-0.00822,-0.1736,0.04689,-0.17061,0.03655,-0.13758,-0.10415
0.00742,0.02544,-0.00668,-0.17283,0.04535,-0.17138,0.03578,-0.13758,-0.10415
0.0076,0.02621,-0.00514,-0.17129,0.04535,-0.17061,0.03501,-0.13835,-0.10492
0.00778,0.02621,-0.00284,-0.17052,0.04535,-0.17215,0.03501,-0.13835,-0.10569
0.00796,0.02544,-0.00207,-0.16975,0.04612,-0.17291,0.03501,-0.13912,-0.10569
0.00814,0.02621,-0.000533,-0.16822,0.04612,-0.17291,0.03424,-0.13912,-0.10569
0.00832,0.02544,0.000236,-0.16668,0.04612,-0.17445,0.03501,-0.13912,-0.10569
0.00852,0.02544,0.000236,-0.16745,0.04689,-0.17368,0.03578,-0.13989,-0.10569
0.00872,0.02544,0.00177,-0.16514,0.04612,-0.17445,0.03655,-0.13912,-0.10646
0.00892,0.02467,0.00331,-0.16514,0.04689,-0.17599,0.03578,-0.13989,-0.10722
0.00914,0.02697,0.00331,-0.16284,0.04689,-0.17522,0.03732,-0.13912,-0.10646
0.00934,0.02774,0.00485,-0.16207,0.04689,-0.17522,0.03808,-0.14066,-0.10722
0.00956,0.02621,0.00562,-0.16053,0.04612,-0.17676,0.03655,-0.14066,-0.10722
0.00978,0.02621,0.00638,-0.15976,0.04612,-0.17753,0.03578,-0.14143,-0.10722
0.01002,0.02697,0.00485,-0.15746,0.04765,-0.17829,0.03578,-0.14219,-0.10799
0.01024,0.02851,0.00562,-0.15669,0.04765,-0.17829,0.03655,-0.14219,-0.10722
0.01048,0.02774,0.00638,-0.15515,0.04612,-0.17906,0.03732,-0.14296,-0.10799
0.01074,0.02774,0.00715,-0.15438,0.04689,-0.17829,0.03808,-0.14373,-0.10876
0.01098,0.02697,0.00869,-0.15208,0.04612,-0.17829,0.03732,-0.14373,-0.10799
0.01124,0.02697,0.00869,-0.15054,0.04689,-0.17906,0.03808,-0.14296,-0.10876
0.0115,0.02621,0.00792,-0.14746,0.04765,-0.17983,0.03655,-0.1445,-0.10953
0.01176,0.02697,0.00946,-0.14593,0.04765,-0.17983,0.03655,-0.1445,-0.10953
0.01204,0.02774,0.00946,-0.14439,0.04689,-0.17983,0.03732,-0.1445,-0.1103
0.01232,0.02774,0.00792,-0.14208,0.04765,-0.17983,0.03808,-0.14527,-0.1103
0.0126,0.02851,0.00946,-0.13901,0.04689,-0.18137,0.03808,-0.14604,-0.11107
0.0129,0.02851,0.01023,-0.13901,0.04765,-0.18214,0.03732,-0.14527,-0.1103
0.0132,0.02774,0.011,-0.1367,0.04842,-0.18137,0.03732,-0.14604,-0.11107
0.01352,0.02851,0.011,-0.13363,0.04765,-0.18214,0.03885,-0.14681,-0.11107
0.01382,0.02928,0.01023,-0.13056,0.04765,-0.18214,0.03885,-0.14681,-0.11107
0.01414,0.02851,0.011,-0.12825,0.04842,-0.18291,0.03808,-0.14604,-0.11184
0.01448,0.02774,0.01253,-0.12671,0.04842,-0.18291,0.03808,-0.14911,-0.11184
0.01482,0.02851,0.011,-0.12441,0.04765,-0.18214,0.03732,-0.14758,-0.11107
0.01516,0.02928,0.011,-0.1221,0.04919,-0.18291,0.03732,-0.14911,-0.11184
0.01552,0.02928,0.011,-0.11826,0.04765,-0.18444,0.03808,-0.14911,-0.11184
0.01588,0.02928,0.01176,-0.11672,0.04919,-0.18214,0.03732,-0.14911,-0.1126
0.01624,0.02928,0.01253,-0.11288,0.04919,-0.18444,0.03808,-0.15065,-0.11184
0.01662,0.02851,0.01176,-0.11057,0.04842,-0.18368,0.03962,-0.14988,-0.11184
0.01702,0.03005,0.01253,-0.10673,0.04919,-0.18291,0.03885,-0.15065,-0.11337
0.0174,0.02928,0.0133,-0.10442,0.04842,-0.18291,0.03885,-0.15065,-0.1126
0.01782,0.03082,0.0133,-0.09981,0.04919,-0.18214,0.04039,-0.15142,-0.1126
0.01824,0.02928,0.01253,-0.09597,0.04842,-0.18444,0.03808,-0.15219,-0.11337
0.01866,0.03005,0.01484,-0.09212,0.04996,-0.18444,0.03808,-0.15142,-0.11337
0.01908,0.03005,0.01407,-0.08905,0.04996,-0.18368,0.03962,-0.15219,-0.11337
0.01954,0.02928,0.01407,-0.08367,0.04919,-0.18368,0.03962,-0.15219,-0.11414
0.01998,0.02928,0.01484,-0.07906,0.04919,-0.18291,0.03962,-0.15296,-0.11414
0.02046,0.03082,0.0133,-0.07598,0.04919,-0.18291,0.03885,-0.15373,-0.11491
0.02094,0.03005,0.01484,-0.06983,0.04919,-0.18368,0.03885,-0.15373,-0.11491
0.02142,0.03082,0.01407,-0.06676,0.04842,-0.18368,0.03885,-0.15373,-0.11491
0.02192,0.03159,0.01407,-0.06138,0.04842,-0.18368,0.03962,-0.15373,-0.11568
0.02244,0.03159,0.01407,-0.056,0.04996,-0.18291,0.03962,-0.15526,-0.11568
0.02296,0.03082,0.01561,-0.05062,0.04842,-0.18214,0.03962,-0.15603,-0.11414
0.02348,0.03082,0.01484,-0.04524,0.04996,-0.18137,0.04039,-0.15603,-0.11645
0.02404,0.03159,0.01561,-0.0414,0.04919,-0.18214,0.04116,-0.15603,-0.11645
0.0246,0.03082,0.01638,-0.03755,0.05073,-0.1806,0.03962,-0.15526,-0.11722
0.02516,0.03159,0.01484,-0.03217,0.04996,-0.1806,0.04116,-0.1568,-0.11645
0.02576,0.03159,0.01561,-0.0291,0.04996,-0.17983,0.03962,-0.15603,-0.11645
0.02636,0.03005,0.01638,-0.02449,0.04996,-0.17983,0.03885,-0.1568,-0.11645
0.02696,0.03082,0.01638,-0.01911,0.05073,-0.17906,0.04039,-0.15834,-0.11799
0.0276,0.03082,0.01638,-0.01757,0.04919,-0.17753,0.03962,-0.15834,-0.11722
0.02824,0.03082,0.01638,-0.01449,0.0515,-0.17829,0.04039,-0.15757,-0.11722
0.0289,0.03235,0.01638,-0.01065,0.05073,-0.17753,0.04116,-0.15834,-0.11722
0.02958,0.03159,0.01638,-0.00988,0.05073,-0.17753,0.04039,-0.15987,-0.11875
0.03026,0.03235,0.01484,-0.00758,0.05073,-0.17599,0.04116,-0.15987,-0.11799
0.03096,0.03082,0.01484,-0.00604,0.04919,-0.17522,0.04193,-0.16064,-0.11875
0.03168,0.03159,0.01638,-0.00527,0.04919,-0.17522,0.03885,-0.16064,-0.11952
0.03242,0.03235,0.01638,-0.00373,0.04919,-0.17368,0.04039,-0.16141,-0.11875
0.03318,0.03159,0.01715,-0.00296,0.04996,-0.17368,0.04039,-0.16141,-0.11952
0.03396,0.03235,0.01945,-0.00143,0.04919,-0.17445,0.04039,-0.16141,-0.12029
0.03474,0.03235,0.01638,0.00011,0.05073,-0.17215,0.04116,-0.16295,-0.12029
0.03556,0.03389,0.01715,0.00011,0.05073,-0.17061,0.04193,-0.16372,-0.11952
0.03638,0.03235,0.01791,0.000879,0.0515,-0.17061,0.04116,-0.16295,-0.12029
0.03724,0.03235,0.01868,0.000879,0.05073,-0.16984,0.04039,-0.16448,-0.11952
0.0381,0.03312,0.01715,0.000879,0.04996,-0.16753,0.04116,-0.16372,-0.12106
0.03898,0.03312,0.01638,0.00242,0.05073,-0.16677,0.04193,-0.16525,-0.12106
0.0399,0.03389,0.01791,0.00242,0.05073,-0.166,0.04116,-0.16448,-0.12183
0.04082,0.03235,0.01791,0.00395,0.05073,-0.16523,0.04193,-0.16525,-0.12183
0.04178,0.03312,0.01791,0.00395,0.05073,-0.16523,0.04193,-0.16602,-0.12183
0.04274,0.03235,0.01945,0.00395,0.0515,-0.16369,0.04193,-0.16602,-0.12183
0.04374,0.03312,0.01791,0.00395,0.05073,-0.16215,0.0427,-0.16679,-0.12106
0.04476,0.03235,0.01791,0.00626,0.05073,-0.16139,0.04193,-0.16756,-0.12183
0.0458,0.03389,0.01868,0.00626,0.05227,-0.15908,0.04193,-0.16756,-0.12183
0.04688,0.03389,0.01945,0.00549,0.05227,-0.15831,0.0427,-0.16679,-0.12183
0.04796,0.03389,0.01945,0.00703,0.05073,-0.156,0.04116,-0.16756,-0.1226
0.04908,0.03466,0.01945,0.00626,0.05227,-0.15447,0.04193,-0.16833,-0.1226
0.05022,0.03389,0.01791,0.00703,0.05303,-0.1537,0.04347,-0.1691,-0.12413
0.0514,0.03312,0.01791,0.00626,0.0515,-0.15216,0.04116,-0.16987,-0.12337
0.0526,0.03389,0.01945,0.00626,0.05073,-0.14986,0.04193,-0.16987,-0.12413
0.05382,0.03389,0.02099,0.00857,0.05227,-0.14832,0.04116,-0.17063,-0.12337
0.05508,0.03389,0.02099,0.00626,0.05073,-0.14755,0.04116,-0.16987,-0.12413
0.05636,0.03312,0.01868,0.00703,0.0515,-0.14601,0.0427,-0.1714,-0.12413
0.05768,0.03543,0.01945,0.0078,0.05227,-0.14217,0.0427,-0.1714,-0.1249
0.05902,0.03466,0.02099,0.0078,0.0515,-0.14063,0.04347,-0.17217,-0.12567
0.06038,0.03466,0.02099,0.0078,0.05227,-0.1391,0.04193,-0.1714,-0.12644
0.0618,0.03389,0.01945,0.00857,0.05227,-0.13833,0.0427,-0.17371,-0.12567
0.06324,0.03466,0.01945,0.00857,0.05227,-0.13602,0.04193,-0.17294,-0.12567
0.0647,0.03389,0.02022,0.00857,0.05227,-0.13295,0.0427,-0.17294,-0.1249
0.06622,0.03389,0.02099,0.0101,0.05227,-0.12987,0.0427,-0.17294,-0.12567
0.06776,0.03466,0.02176,0.00857,0.0515,-0.1268,0.0427,-0.17294,-0.12567
0.06934,0.03389,0.02099,0.00933,0.05227,-0.12526,0.04347,-0.17525,-0.12567
0.07096,0.03389,0.02022,0.00933,0.0515,-0.12065,0.04193,-0.17448,-0.12798
0.0726,0.03466,0.02099,0.00933,0.05227,-0.11911,0.04347,-0.17525,-0.12721
0.0743,0.03543,0.02099,0.00933,0.05303,-0.11527,0.0427,-0.17448,-0.12721
0.07602,0.0362,0.02099,0.0101,0.05303,-0.11296,0.04347,-0.17602,-0.12798
0.0778,0.03543,0.02099,0.00933,0.05303,-0.10912,0.04347,-0.17602,-0.12798
0.07962,0.03466,0.02176,0.01164,0.05303,-0.10528,0.0427,-0.17602,-0.12798
0.08146,0.03543,0.02099,0.00933,0.0538,-0.10297,0.0427,-0.17678,-0.12721
0.08336,0.03697,0.02176,0.01087,0.05303,-0.09836,0.0427,-0.17755,-0.12875
0.0853,0.03466,0.02253,0.01087,0.05227,-0.09375,0.0427,-0.17678,-0.12875
0.0873,0.03466,0.02176,0.01241,0.05303,-0.08913,0.04423,-0.17678,-0.12875
0.08932,0.03466,0.02176,0.01164,0.05303,-0.08529,0.04423,-0.17832,-0.13028
0.0914,0.03543,0.02329,0.01087,0.0515,-0.07991,0.0427,-0.17832,-0.12875
0.09354,0.0362,0.02253,0.01241,0.05303,-0.0753,0.04423,-0.17755,-0.13028
0.09572,0.0362,0.02099,0.01164,0.0538,-0.07146,0.04423,-0.17909,-0.12875
0.09794,0.0362,0.02099,0.01164,0.05303,-0.06454,0.045,-0.17909,-0.13105
0.10022,0.0362,0.02253,0.01164,0.05303,-0.05839,0.04193,-0.17909,-0.13105
0.10256,0.0362,0.02176,0.01164,0.05303,-0.05532,0.045,-0.17909,-0.13028
0.10496,0.0362,0.02253,0.01241,0.05303,-0.04993,0.045,-0.17832,-0.13028
0.1074,0.03697,0.02176,0.01318,0.0538,-0.04532,0.04423,-0.17909,-0.13182
0.1099,0.0362,0.02329,0.01241,0.0538,-0.03994,0.04423,-0.17909,-0.13028
0.11246,0.0362,0.02253,0.01318,0.05303,-0.03533,0.045,-0.17909,-0.13182
0.11508,0.0362,0.02253,0.01395,0.05303,-0.03072,0.04423,-0.17986,-0.13182
0.11776,0.03543,0.02099,0.01318,0.0538,-0.02611,0.045,-0.17986,-0.13105
0.1205,0.0362,0.02253,0.01241,0.0538,-0.02303,0.04423,-0.17986,-0.13336
0.1233,0.0362,0.02176,0.01395,0.0538,-0.01996,0.045,-0.17986,-0.13259
0.12618,0.03697,0.02176,0.01318,0.0538,-0.01765,0.04423,-0.17909,-0.13259
0.12912,0.03697,0.02329,0.01471,0.0538,-0.01458,0.04577,-0.17909,-0.13413
0.13212,0.03697,0.02253,0.01318,0.05457,-0.01227,0.045,-0.17832,-0.13259
0.1352,0.03697,0.02329,0.01471,0.05457,-0.0115,0.04423,-0.17909,-0.13259
0.13836,0.03773,0.02253,0.01395,0.0538,-0.01073,0.04423,-0.17986,-0.13413
0.14158,0.03697,0.02483,0.01471,0.05534,-0.00997,0.045,-0.17909,-0.13413
0.14488,0.03773,0.02406,0.01395,0.05457,-0.00766,0.045,-0.17909,-0.13489
0.14826,0.03697,0.02406,0.01395,0.05457,-0.00689,0.045,-0.17832,-0.13489
0.1517,0.0362,0.02406,0.01395,0.05457,-0.00459,0.045,-0.17909,-0.13566
0.15524,0.03697,0.02253,0.01471,0.05457,-0.00535,0.04577,-0.17909,-0.13566
0.15886,0.03697,0.02406,0.01471,0.05457,-0.00382,0.045,-0.17755,-0.13643
0.16256,0.03773,0.02406,0.01471,0.05457,-0.00382,0.045,-0.17755,-0.13643
0.16634,0.0362,0.02406,0.01471,0.05457,-0.00459,0.04423,-0.17602,-0.13566
0.17022,0.0362,0.02253,0.01548,0.05534,-0.00305,0.045,-0.17678,-0.13566
0.17418,0.0362,0.02406,0.01548,0.05457,-0.00305,0.045,-0.17602,-0.13643
0.17824,0.03773,0.02329,0.01471,0.0538,-0.00228,0.04577,-0.17602,-0.1372
0.1824,0.0385,0.02483,0.01471,0.05457,-0.00305,0.04577,-0.17448,-0.13643
0.18664,0.0385,0.02406,0.01625,0.05457,-0.00305,0.04577,-0.17448,-0.13874
0.19098,0.0362,0.02406,0.01702,0.05457,2.58e-05,0.04577,-0.17294,-0.1372
0.19544,0.03773,0.02406,0.01548,0.05457,-0.000743,0.045,-0.17217,-0.1372
0.19998,0.03697,0.02483,0.01548,0.05457,-0.000743,0.04577,-0.17217,-0.13874
0.20464,0.03927,0.02483,0.01471,0.05534,2.58e-05,0.04577,-0.17217,-0.13874
0.20942,0.0385,0.02483,0.01471,0.05534,2.58e-05,0.04654,-0.1714,-0.13951
0.2143,0.03927,0.02483,0.01548,0.05457,2.58e-05,0.04577,-0.16987,-0.13951
0.21928,0.03697,0.0256,0.01548,0.05534,0.000794,0.04577,-0.1691,-0.13951
0.2244,0.0385,0.0256,0.01625,0.05457,0.000794,0.04654,-0.1691,-0.14028
0.22962,0.03927,0.02406,0.01625,0.05611,0.000794,0.04654,-0.16833,-0.13874
0.23496,0.0385,0.02483,0.01702,0.05611,0.000794,0.04731,-0.16602,-0.13951
0.24044,0.03697,0.02483,0.01471,0.05611,0.000794,0.04577,-0.16448,-0.13951
0.24604,0.03773,0.02483,0.01702,0.05534,0.00156,0.04577,-0.16372,-0.14104
0.25178,0.0385,0.02406,0.01625,0.05534,0.00233,0.04654,-0.16372,-0.14104
0.25764,0.03927,0.02483,0.01625,0.05534,0.00233,0.04885,-0.16141,-0.14181
0.26364,0.04004,0.0256,0.01625,0.05611,0.0031,0.04654,-0.16064,-0.14104
0.26978,0.03927,0.02329,0.01548,0.05534,0.00156,0.04731,-0.15911,-0.14104
0.27606,0.03927,0.02637,0.01779,0.05457,0.00156,0.04731,-0.15987,-0.14181
0.2825,0.0385,0.02483,0.01625,0.05534,0.00156,0.04654,-0.1568,-0.14104
0.28908,0.03927,0.02637,0.01779,0.05688,0.00233,0.04654,-0.15526,-0.14335
0.29582,0.03773,0.02483,0.01702,0.05688,0.0031,0.04577,-0.15296,-0.14335
0.3027,0.03927,0.0256,0.01779,0.05611,0.00387,0.04808,-0.15065,-0.14335
0.30976,0.03927,0.02483,0.01779,0.05765,0.0031,0.04731,-0.14988,-0.14335
0.31696,0.0385,0.02483,0.01779,0.05688,0.00387,0.04654,-0.14758,-0.14335
0.32436,0.04004,0.0256,0.01702,0.05765,0.00387,0.04654,-0.14604,-0.14412
0.3319,0.04004,0.02637,0.01702,0.05457,0.00464,0.04654,-0.14373,-0.14412
0.33964,0.0385,0.02637,0.01702,0.05611,0.00387,0.04731,-0.14143,-0.14489
0.34756,0.03927,0.02483,0.01856,0.05688,0.00387,0.04654,-0.13835,-0.14489
0.35564,0.04081,0.02637,0.01702,0.05765,0.00387,0.04885,-0.13605,-0.14412
0.36394,0.04004,0.02637,0.01779,0.05611,0.00464,0.04808,-0.13374,-0.14489
0.3724,0.04081,0.02714,0.01779,0.05688,0.00464,0.04808,-0.13067,-0.14642
0.38108,0.04004,0.02714,0.01933,0.05688,0.00464,0.04808,-0.12759,-0.14566
0.38996,0.03927,0.0256,0.01779,0.05688,0.00464,0.04808,-0.12529,-0.14719
0.39904,0.03927,0.02637,0.01933,0.05688,0.00617,0.04808,-0.12067,-0.14796
0.40834,0.04081,0.02714,0.01779,0.05842,0.00387,0.04731,-0.11683,-0.14719
0.41784,0.03927,0.02714,0.01856,0.05611,0.00464,0.04808,-0.11376,-0.14566
0.42758,0.03927,0.02637,0.02009,0.05765,0.00541,0.04731,-0.10838,-0.14719
0.43754,0.04004,0.02791,0.01779,0.05611,0.00541,0.04885,-0.10376,-0.14796
0.44774,0.04081,0.02637,0.01856,0.05688,0.00617,0.04731,-0.09915,-0.14796
0.45816,0.04004,0.02714,0.01856,0.05765,0.00617,0.04885,-0.09531,-0.14796
0.46884,0.04081,0.02637,0.01933,0.05765,0.00617,0.04731,-0.08916,-0.14719
0.47976,0.03927,0.02714,0.01856,0.05688,0.00617,0.04808,-0.08378,-0.14873
0.49094,0.03927,0.02791,0.01779,0.05765,0.00694,0.04885,-0.0784,-0.1495
0.50236,0.04004,0.02714,0.01856,0.05765,0.00617,0.04961,-0.07071,-0.15027
0.51406,0.04004,0.02791,0.01933,0.05842,0.00617,0.04808,-0.06456,-0.1495
0.52604,0.04004,0.02791,0.02009,0.05765,0.00771,0.04808,-0.05842,-0.15027
0.5383,0.04081,0.02791,0.01933,0.05688,0.00617,0.04731,-0.05303,-0.15027
0.55084,0.04081,0.02714,0.02009,0.05842,0.00694,0.04885,-0.04689,-0.15027
0.56366,0.04081,0.02791,0.01933,0.05765,0.00617,0.04885,-0.04151,-0.15104
0.5768,0.04081,0.02714,0.02009,0.05688,0.00771,0.04885,-0.03689,-0.15104
0.59024,0.04081,0.02791,0.01933,0.05765,0.00694,0.04885,-0.03305,-0.1518
0.60398,0.04158,0.02714,0.02009,0.05765,0.00694,0.04885,-0.02844,-0.1518
0.61804,0.04158,0.02791,0.01933,0.05765,0.00694,0.04885,-0.0246,-0.15257
0.63244,0.04081,0.02791,0.02086,0.05765,0.00771,0.04885,-0.02152,-0.15334
0.64718,0.04004,0.02791,0.02009,0.05842,0.00694,0.04885,-0.01922,-0.15334
0.66226,0.04081,0.02867,0.02086,0.05765,0.00848,0.04885,-0.01768,-0.15257
0.67768,0.04004,0.02867,0.02009,0.05765,0.00848,0.04961,-0.01614,-0.15334
0.69346,0.04081,0.02867,0.01933,0.05765,0.00771,0.04808,-0.01537,-0.15488
0.70962,0.04158,0.02867,0.02009,0.05765,0.00771,0.04885,-0.01307,-0.15411
0.72614,0.04158,0.02791,0.02086,0.05765,0.00771,0.05038,-0.0123,-0.15488
0.74306,0.04081,0.02867,0.02086,0.05918,0.00771,0.04885,-0.0123,-0.15334
0.76036,0.04004,0.02944,0.02009,0.05842,0.00925,0.04808,-0.01076,-0.15565
0.77808,0.04158,0.02867,0.02009,0.05918,0.00925,0.05038,-0.01076,-0.15488
0.7962,0.04081,0.02944,0.02009,0.05842,0.00848,0.04961,-0.00999,-0.15642
0.81476,0.04158,0.02867,0.02086,0.05842,0.00925,0.04961,-0.00922,-0.15565
0.83372,0.04235,0.02867,0.02009,0.05842,0.00925,0.04885,-0.00922,-0.15642
0.85314,0.04235,0.02867,0.02086,0.05842,0.01002,0.04885,-0.00999,-0.15795
0.87302,0.04081,0.02944,0.02086,0.05842,0.00848,0.04885,-0.00845,-0.15642
0.89336,0.04235,0.03021,0.02163,0.05918,0.00925,0.04961,-0.00845,-0.15719
0.91416,0.04158,0.02791,0.02086,0.05918,0.00925,0.04961,-0.00615,-0.15795
0.93546,0.04158,0.02867,0.02163,0.05918,0.00925,0.04885,-0.00615,-0.15795
0.95726,0.04158,0.03021,0.02009,0.05918,0.01079,0.05038,-0.00769,-0.15872
0.97954,0.04158,0.03021,0.02086,0.05918,0.01002,0.04961,-0.00615,-0.15949
1.00236,0.04235,0.02944,0.0224,0.05918,0.01079,0.05038,-0.00615,-0.15949
1.02572,0.04312,0.02944,0.02086,0.05918,0.01002,0.05038,-0.00615,-0.15795
1.0496,0.04235,0.03021,0.02086,0.05995,0.01002,0.05115,-0.00538,-0.15872
1.07406,0.04235,0.03021,0.02086,0.05918,0.01002,0.04961,-0.00538,-0.16103
1.09908,0.04235,0.02867,0.0224,0.05842,0.01079,0.05115,-0.00461,-0.15949
1.12468,0.04235,0.02944,0.02086,0.05995,0.01002,0.04885,-0.00461,-0.16103
1.15086,0.04312,0.02944,0.02086,0.05918,0.01079,0.05038,-0.00538,-0.16103
1.17768,0.04158,0.02944,0.02086,0.05918,0.01002,0.05115,-0.00384,-0.16026
1.2051,0.04312,0.03175,0.0224,0.05918,0.01079,0.05115,-0.00384,-0.16103
1.23318,0.04158,0.03021,0.0224,0.05918,0.01079,0.05038,-0.00538,-0.1618
1.2619,0.04158,0.03021,0.0224,0.05995,0.01079,0.05115,-0.00384,-0.1618
1.2913,0.04312,0.03098,0.0224,0.06072,0.01079,0.05115,-0.00461,-0.16333
1.32138,0.04235,0.03098,0.0224,0.05995,0.01079,0.05192,-0.00384,-0.1618
1.35216,0.04235,0.03021,0.0224,0.06072,0.01156,0.05115,-0.00307,-0.1641
1.38366,0.04312,0.02867,0.02163,0.05995,0.01156,0.05038,-0.00461,-0.16333
1.41588,0.04312,0.02944,0.0224,0.05918,0.01002,0.05115,-0.00384,-0.1641
1.44886,0.04312,0.03021,0.0224,0.05995,0.01156,0.04961,-0.00307,-0.16257
1.48262,0.04235,0.03021,0.02317,0.05995,0.01079,0.05115,-0.00307,-0.1641
1.51714,0.04312,0.03098,0.0224,0.05995,0.01079,0.04961,-0.00231,-0.1641
1.55248,0.04235,0.03021,0.0224,0.06072,0.01156,0.05115,-0.00307,-0.1641
1.58864,0.04312,0.03098,0.0224,0.05995,0.01156,0.05115,-0.00231,-0.1641
1.62566,0.04312,0.03021,0.02394,0.05842,0.01156,0.04961,-0.000769,-0.16564
1.66352,0.04312,0.03021,0.0224,0.05842,0.01156,0.05192,-0.00307,-0.16564
1.70226,0.04235,0.03021,0.02394,0.06072,0.01079,0.05115,-0.00154,-0.16564
1.74192,0.04465,0.03098,0.02163,0.06149,0.01156,0.05192,-0.000769,-0.16564
1.7825,0.04388,0.03098,0.0224,0.06072,0.01156,0.05115,0.0,-0.16564
1.82402,0.04388,0.03098,0.02317,0.06072,0.01156,0.05038,0.0,-0.16487
1.8665,0.04388,0.03098,0.02394,0.06072,0.01232,0.05115,-0.000769,-0.16564
1.90998,0.04235,0.03021,0.02317,0.06226,0.01232,0.05038,-0.000769,-0.16641
1.95446,0.04312,0.03098,0.02394,0.06072,0.01309,0.05192,-0.00154,-0.16641
1.99998,0.04312,0.03175,0.02471,0.05995,0.01309,0.05038,0.0,-0.16564
2.04658,0.04388,0.03175,0.02317,0.06149,0.01309,0.05192,0.0,-0.16641
2.09424,0.04235,0.03175,0.02317,0.06072,0.01309,0.05115,-0.00154,-0.16641
2.14302,0.04235,0.03175,0.02547,0.06072,0.01232,0.05192,-0.00154,-0.16718
2.19294,0.04465,0.03098,0.02394,0.05918,0.01156,0.05192,0.000769,-0.16641
2.24402,0.04465,0.03098,0.02317,0.06149,0.01156,0.05269,-0.000769,-0.16718
2.2963,0.04465,0.03021,0.02394,0.05995,0.01232,0.05192,-0.000769,-0.16718
2.34978,0.04465,0.03175,0.02394,0.06226,0.01232,0.05115,0.0,-0.16564
2.40452,0.04388,0.03175,0.02394,0.06149,0.01232,0.05269,0.000769,-0.16718
2.46052,0.04388,0.03021,0.02471,0.05995,0.01386,0.05115,0.0,-0.16564
2.51784,0.04388,0.03098,0.02394,0.06149,0.01309,0.05269,0.00154,-0.16641
2.57648,0.04465,0.03098,0.02394,0.06226,0.01309,0.05269,0.0,-0.16718
2.6365,0.04465,0.03175,0.02394,0.06226,0.01309,0.05192,0.0,-0.16641
2.69792,0.04465,0.03175,0.02471,0.06072,0.01309,0.05269,0.000769,-0.16641
2.76076,0.04465,0.03329,0.02471,0.06149,0.01309,0.05192,0.00154,-0.16564
2.82506,0.04235,0.03175,0.02394,0.06226,0.01386,0.05115,0.000769,-0.1641
2.89086,0.04465,0.03252,0.02394,0.06226,0.01232,0.05115,0.00154,-0.16487
2.9582,0.04542,0.03252,0.02471,0.06149,0.01386,0.05269,0.00154,-0.1641
3.02712,0.04388,0.03175,0.02394,0.06149,0.01386,0.05115,0.00154,-0.16257
3.09762,0.04465,0.03175,0.02394,0.06149,0.01309,0.05192,0.00154,-0.16257
3.16978,0.04542,0.03252,0.02394,0.06226,0.01386,0.05115,0.00154,-0.1618
3.24362,0.04465,0.03175,0.02394,0.06226,0.01386,0.05269,0.000769,-0.16103
3.31916,0.04388,0.03175,0.02547,0.06226,0.01309,0.05192,0.000769,-0.15872
3.39648,0.04465,0.03252,0.02471,0.06303,0.01386,0.05269,0.00154,-0.15795
3.4756,0.04465,0.03329,0.02547,0.06149,0.01386,0.05269,0.000769,-0.15719
3.55654,0.04542,0.03252,0.02471,0.06303,0.01463,0.05346,0.00231,-0.15565
3.6394,0.04388,0.03329,0.02547,0.06226,0.01617,0.05192,0.00231,-0.15411
3.72416,0.04465,0.03252,0.02471,0.06226,0.01386,0.05269,0.00231,-0.15257
3.81092,0.04542,0.03252,0.02471,0.06226,0.01386,0.05269,0.00154,-0.15104
3.89968,0.04465,0.03252,0.02471,0.06149,0.01463,0.05192,0.00154,-0.1495
3.99052,0.04465,0.03252,0.02547,0.0638,0.01617,0.05269,0.00307,-0.14566
4.08346,0.04388,0.03252,0.02471,0.06303,0.01463,0.05269,0.00231,-0.14335
4.17858,0.04465,0.03252,0.02547,0.06303,0.01463,0.05269,0.00231,-0.14104
4.27592,0.04542,0.03252,0.02471,0.06226,0.01386,0.05423,0.00307,-0.13797
4.37552,0.04542,0.03252,0.02624,0.0638,0.01463,0.05192,0.00231,-0.13413
4.47744,0.04542,0.03329,0.02547,0.0638,0.01463,0.05269,0.00307,-0.12951
4.58172,0.04619,0.03329,0.02624,0.06226,0.01463,0.05269,0.00384,-0.1249
4.68844,0.04619,0.03405,0.02547,0.0638,0.01386,0.05269,0.00307,-0.11952
4.79766,0.04542,0.03329,0.02471,0.0638,0.01463,0.05346,0.00384,-0.11491
4.9094,0.04465,0.03405,0.02547,0.0638,0.01694,0.05346,0.00384,-0.10569
5.02376,0.04619,0.03482,0.02547,0.06456,0.0154,0.05346,0.00154,-0.09954
5.14078,0.04619,0.03405,0.02624,0.06303,0.01694,0.05269,0.00461,-0.09108
5.26052,0.04542,0.03329,0.02547,0.06303,0.0154,0.05346,0.00307,-0.08109
5.38306,0.04696,0.03405,0.02624,0.0638,0.0154,0.05346,0.00461,-0.07264
5.50844,0.04696,0.03482,0.02701,0.06303,0.01694,0.05423,0.00307,-0.06111
5.63676,0.04619,0.03329,0.02701,0.0638,0.01617,0.05269,0.00384,-0.05035
5.76806,0.04619,0.03405,0.02624,0.06456,0.01694,0.05346,0.00461,-0.04112
5.9024,0.04542,0.03482,0.02701,0.06456,0.01617,0.05346,0.00384,-0.03497
6.0399,0.04542,0.03405,0.02624,0.06456,0.01463,0.05423,0.00461,-0.02806
6.18058,0.04696,0.03405,0.02701,0.06456,0.0154,0.05346,0.00461,-0.02421
6.32454,0.04542,0.03405,0.02701,0.06456,0.01617,0.05346,0.00461,-0.02037
6.47186,0.04542,0.03405,0.02624,0.06456,0.01617,0.05346,0.00307,-0.01883
6.62262,0.04773,0.03482,0.02624,0.06533,0.01694,0.05499,0.00615,-0.01653
6.77688,0.04542,0.03482,0.02778,0.06456,0.0154,0.05346,0.00461,-0.01499
6.93472,0.04696,0.03482,0.02701,0.06533,0.01617,0.05423,0.00538,-0.01499
7.09626,0.04619,0.03405,0.02624,0.06456,0.01694,0.05423,0.00615,-0.01192
7.26156,0.04696,0.03482,0.02701,0.06456,0.01617,0.05423,0.00538,-0.01192
7.4307,0.04696,0.03482,0.02701,0.06533,0.01694,0.05499,0.00538,-0.01038
7.60378,0.04696,0.03482,0.02701,0.06533,0.01617,0.05499,0.00461,-0.01038
7.7809,0.04696,0.03329,0.02701,0.0661,0.01694,0.05499,0.00615,-0.01038
7.96214,0.04696,0.03482,0.02701,0.06533,0.01694,0.05499,0.00615,-0.00961
8.1476,0.04773,0.03559,0.02701,0.06533,0.01694,0.05346,0.00692,-0.00884
8.33738,0.04619,0.03405,0.02624,0.0661,0.01694,0.05499,0.00538,-0.00884
8.53158,0.04696,0.03405,0.02701,0.0661,0.01694,0.05423,0.00538,-0.00884
8.7303,0.04773,0.03482,0.02855,0.06533,0.01694,0.05423,0.00615,-0.0073
8.93366,0.04619,0.03405,0.02701,0.0661,0.0177,0.05499,0.00615,-0.00653
9.14176,0.0485,0.03482,0.02547,0.0661,0.0177,0.05499,0.00538,-0.00577
9.3547,0.04926,0.03405,0.02778,0.06533,0.0177,0.05499,0.00615,-0.00577
9.5726,0.04619,0.03482,0.02701,0.06533,0.0177,0.05499,0.00692,-0.00577
9.79556,0.04773,0.03482,0.02778,0.0661,0.0177,0.05499,0.00615,-0.00653
10.0237,-0.02222,-0.03128,-0.0314,-0.01076,-0.03764,-0.01879,-0.04304,-0.04804
10.2572,-0.02606,-0.03358,-0.03601,-0.01537,-0.03994,-0.0234,-0.04765,-0.05035
10.4961,-0.0276,-0.03589,-0.03601,-0.01691,-0.04148,-0.02494,-0.04689,-0.05265
10.7406,-0.0276,-0.03666,-0.03755,-0.01998,-0.04148,-0.02417,-0.04765,-0.05342
10.9908,-0.02837,-0.0382,-0.03755,-0.01922,-0.04302,-0.02648,-0.04919,-0.05188
11.2468,-0.0276,-0.03666,-0.03678,-0.01922,-0.04225,-0.02571,-0.04612,-0.05265
11.5088,-0.02837,-0.03589,-0.03832,-0.01845,-0.04302,-0.02648,-0.04842,-0.05342
11.7769,-0.0299,-0.0382,-0.03909,-0.01998,-0.04455,-0.02725,-0.04919,-0.05342
12.0512,-0.02914,-0.03743,-0.03909,-0.01998,-0.04455,-0.02802,-0.04996,-0.05342
12.3319,-0.0299,-0.03896,-0.03986,-0.01998,-0.04455,-0.02725,-0.04919,-0.05419
12.6191,-0.0299,-0.03743,-0.03986,-0.01998,-0.04379,-0.02648,-0.05073,-0.05419
12.9131,-0.02914,-0.0382,-0.03986,-0.01998,-0.04379,-0.02648,-0.04996,-0.05496
13.2139,-0.03067,-0.0382,-0.04063,-0.01922,-0.04379,-0.02802,-0.04996,-0.05496
13.5216,-0.0299,-0.0382,-0.04063,-0.02075,-0.04455,-0.02725,-0.05073,-0.05419
13.8366,-0.03067,-0.03743,-0.03986,-0.01998,-0.04455,-0.02648,-0.05073,-0.05573
